{
  "safe": {
    "variant": "safe",
    "n_models": 22,
    "rows": {
      "train": 43104,
      "val": 17544,
      "test": 35064
    },
    "fit_stats": {
      "CAPITL_pos": {
        "n_train_rows": 42364,
        "n_train_pos": 15035,
        "pos_rate_train": 0.3549003871211406
      },
      "CAPITL_neg": {
        "n_train_rows": 42364,
        "n_train_pos": 1594,
        "pos_rate_train": 0.03762628646964404
      },
      "CENTRL_pos": {
        "n_train_rows": 42364,
        "n_train_pos": 13233,
        "pos_rate_train": 0.31236427155131713
      },
      "CENTRL_neg": {
        "n_train_rows": 42364,
        "n_train_pos": 1286,
        "pos_rate_train": 0.030355962609763008
      },
      "DUNWOD_pos": {
        "n_train_rows": 42364,
        "n_train_pos": 15259,
        "pos_rate_train": 0.36018789538287227
      },
      "DUNWOD_neg": {
        "n_train_rows": 42364,
        "n_train_pos": 1432,
        "pos_rate_train": 0.03380228495892739
      },
      "GENESE_pos": {
        "n_train_rows": 42364,
        "n_train_pos": 12958,
        "pos_rate_train": 0.30587291096213765
      },
      "GENESE_neg": {
        "n_train_rows": 42364,
        "n_train_pos": 1216,
        "pos_rate_train": 0.028703616277971862
      },
      "HUDVL_pos": {
        "n_train_rows": 42364,
        "n_train_pos": 14872,
        "pos_rate_train": 0.3510527806628269
      },
      "HUDVL_neg": {
        "n_train_rows": 42364,
        "n_train_pos": 1413,
        "pos_rate_train": 0.03335379095458408
      },
      "LONGIL_pos": {
        "n_train_rows": 42364,
        "n_train_pos": 19437,
        "pos_rate_train": 0.4588093664432065
      },
      "LONGIL_neg": {
        "n_train_rows": 42364,
        "n_train_pos": 2445,
        "pos_rate_train": 0.05771409687470494
      },
      "MHKVL_pos": {
        "n_train_rows": 42364,
        "n_train_pos": 13003,
        "pos_rate_train": 0.3069351336040034
      },
      "MHKVL_neg": {
        "n_train_rows": 42364,
        "n_train_pos": 1281,
        "pos_rate_train": 0.030237937871777924
      },
      "MILLWD_pos": {
        "n_train_rows": 42364,
        "n_train_pos": 15141,
        "pos_rate_train": 0.35740251156642433
      },
      "MILLWD_neg": {
        "n_train_rows": 42364,
        "n_train_pos": 1423,
        "pos_rate_train": 0.03358984043055424
      },
      "NORTH_pos": {
        "n_train_rows": 42364,
        "n_train_pos": 11330,
        "pos_rate_train": 0.2674440562741951
      },
      "NORTH_neg": {
        "n_train_rows": 42364,
        "n_train_pos": 1347,
        "pos_rate_train": 0.031795864413181
      },
      "NYC_pos": {
        "n_train_rows": 42364,
        "n_train_pos": 15601,
        "pos_rate_train": 0.36826078746105184
      },
      "NYC_neg": {
        "n_train_rows": 42364,
        "n_train_pos": 1697,
        "pos_rate_train": 0.04005759607213672
      },
      "WEST_pos": {
        "n_train_rows": 42364,
        "n_train_pos": 15679,
        "pos_rate_train": 0.3701019733736191
      },
      "WEST_neg": {
        "n_train_rows": 42364,
        "n_train_pos": 2028,
        "pos_rate_train": 0.04787083372674913
      }
    }
  }
}